-1,-1,-1,-1,-1,247,-1,-1,-1,-1,-1,136,177,177,178,137,-1,-1,138,178,178,-1,-1,-1,29,-1,-1,-1,-1,-1,-1,-1,-1,-1,-1,-1,-1,-1,-1,-1,-1,-1,-1,-1,-1,-1,-1,-1,-1,-1,-1,-1,-1,-1,-1,-1,-1,-1,-1,-1,-1,-1,-1,-1,-1,-1,-1,-1,-1,-1,-1,-1,-1,-1,-1,-1,-1,-1,-1,-1,-1,-1,-1,-1,-1,-1,-1,-1,-1,-1,-1,-1,-1,-1,-1,-1,-1,-1,-1,-1,-1,-1,-1,-1,-1,228,-1,-1,-1,-1,-1,-1,-1,-1,-1,136,177,177,178,137,-1,-1,-1,-1,-1,-1,138,177,177,177
-1,-1,-1,-1,-1,-1,-1,-1,-1,-1,-1,154,178,178,135,-1,-1,-1,-1,138,178,-1,-1,-1,29,-1,-1,-1,-1,-1,-1,-1,-1,-1,-1,-1,-1,-1,-1,-1,-1,-1,-1,-1,-1,-1,-1,-1,-1,-1,-1,-1,-1,244,-1,-1,-1,-1,-1,-1,-1,-1,-1,-1,-1,-1,-1,-1,-1,-1,-1,-1,-1,-1,-1,-1,-1,-1,-1,152,153,-1,-1,-1,-1,-1,-1,152,151,228,154,-1,-1,-1,-1,-1,-1,-1,-1,-1,-1,-1,-1,-1,-1,-1,-1,-1,-1,-1,-1,-1,-1,-1,-1,154,177,177,178,153,-1,-1,-1,-1,-1,-1,-1,136,177,177
-1,-1,-1,-1,-1,-1,-1,-1,-1,220,221,-1,-1,-1,-1,-1,-1,-1,-1,-1,29,-1,243,-1,29,-1,-1,-1,-1,-1,-1,-1,-1,-1,-1,-1,-1,-1,-1,-1,-1,-1,-1,-1,-1,-1,-1,-1,-1,-1,-1,-1,-1,-1,-1,-1,-1,-1,-1,-1,-1,-1,-1,-1,-1,-1,-1,-1,-1,-1,-1,-1,-1,-1,-1,-1,-1,-1,152,177,178,153,-1,-1,-1,156,154,177,178,177,178,151,-1,-1,-1,-1,-1,-1,-1,-1,-1,-1,-1,-1,-1,-1,-1,-1,-1,-1,-1,-1,-1,-1,154,177,178,178,177,178,151,-1,-1,-1,-1,-1,-1,-1,177,177
-1,-1,-1,-1,-1,-1,-1,-1,-1,220,221,-1,138,137,-1,-1,-1,-1,-1,-1,29,-1,-1,-1,29,-1,-1,-1,-1,-1,-1,-1,-1,-1,-1,-1,-1,-1,-1,-1,-1,-1,-1,-1,-1,-1,-1,-1,-1,-1,-1,-1,-1,-1,-1,-1,-1,-1,-1,-1,-1,-1,-1,-1,-1,-1,-1,-1,-1,-1,-1,-1,-1,-1,-1,-1,-1,-1,177,177,178,177,151,229,152,177,178,177,177,178,177,178,153,-1,-1,-1,-1,-1,-1,-1,-1,-1,-1,135,138,-1,-1,-1,-1,-1,-1,-1,-1,-1,-1,178,178,178,177,177,178,153,-1,-1,-1,-1,-1,-1,136,177
-1,-1,-1,-1,-1,-1,-1,-1,-1,220,221,-1,-1,-1,-1,-1,-1,-1,183,183,29,-1,-1,-1,29,-1,-1,-1,-1,-1,-1,-1,-1,-1,-1,-1,-1,-1,-1,-1,-1,-1,-1,-1,-1,-1,-1,-1,-1,-1,-1,-1,-1,-1,-1,-1,-1,-1,-1,-1,-1,-1,-1,-1,-1,-1,-1,-1,-1,-1,-1,-1,-1,-1,-1,-1,152,161,178,177,178,177,177,178,178,177,178,178,177,177,178,178,178,-1,-1,-1,-1,-1,-1,-1,-1,-1,-1,-1,-1,-1,-1,-1,-1,-1,-1,-1,-1,-1,-1,177,178,178,177,177,177,178,184,-1,-1,-1,-1,-1,-1,138
-1,-1,-1,219,219,219,219,219,219,220,221,-1,-1,-1,-1,-1,-1,-1,140,183,29,-1,-1,-1,29,-1,-1,-1,-1,-1,-1,-1,-1,-1,38,-1,-1,-1,-1,-1,-1,-1,-1,-1,-1,-1,-1,-1,-1,-1,-1,-1,-1,-1,-1,-1,-1,-1,-1,-1,-1,-1,-1,-1,-1,-1,-1,-1,-1,-1,-1,-1,-1,-1,-1,164,162,178,178,177,178,-1,-1,-1,135,-1,136,135,138,177,177,178,178,153,-1,-1,-1,-1,-1,-1,-1,-1,-1,-1,-1,-1,-1,-1,-1,-1,-1,-1,-1,-1,-1,177,178,177,177,177,177,177,161,161,162,161,161,161,162,161
-1,-1,-1,235,235,235,235,235,235,220,221,-1,-1,-1,-1,-1,-1,-1,-1,183,29,-1,-1,-1,29,-1,-1,-1,-1,-1,-1,-1,170,171,171,171,172,173,-1,-1,-1,-1,-1,-1,-1,-1,-1,-1,-1,244,-1,-1,-1,-1,-1,-1,-1,-1,-1,-1,-1,-1,-1,-1,-1,-1,-1,-1,-1,-1,-1,-1,-1,-1,164,177,177,178,177,177,178,137,136,137,-1,-1,-1,-1,-1,136,177,178,178,177,-1,-1,-1,-1,-1,-1,243,-1,-1,170,171,172,171,171,173,-1,-1,-1,-1,138,177,177,178,177,178,177,177,177,178,177,178,177,178,178,177,178
-1,243,-1,-1,-1,-1,-1,-1,-1,220,221,-1,-1,-1,-1,-1,-1,-1,-1,183,29,-1,151,-1,29,-1,-1,-1,-1,-1,-1,-1,202,209,212,210,215,189,-1,-1,-1,-1,-1,-1,-1,-1,-1,-1,-1,-1,244,-1,-1,-1,-1,-1,-1,-1,-1,-1,-1,-1,-1,-1,-1,-1,-1,-1,-1,-1,-1,-1,-1,154,177,177,177,178,178,177,178,244,-1,-1,-1,-1,-1,-1,-1,-1,176,178,177,178,-1,-1,-1,-1,-1,-1,-1,-1,-1,186,187,188,-1,-1,189,-1,-1,-1,-1,-1,136,178,177,177,177,178,177,177,177,177,177,177,178,178,178,178
-1,-1,-1,-1,-1,-1,-1,-1,-1,220,221,219,219,219,219,219,219,-1,37,183,29,-1,-1,-1,29,-1,-1,-1,-1,-1,-1,-1,-1,-1,-1,-1,-1,189,-1,-1,-1,-1,-1,-1,-1,-1,-1,-1,-1,-1,-1,-1,-1,-1,-1,-1,-1,-1,-1,-1,-1,-1,-1,-1,-1,-1,-1,-1,-1,-1,-1,-1,152,178,177,177,178,177,178,177,178,-1,-1,39,-1,-1,-1,-1,-1,-1,-1,-1,-1,-1,-1,-1,-1,-1,-1,-1,-1,-1,-1,202,203,204,-1,-1,205,-1,-1,229,40,-1,152,177,177,177,178,178,177,177,177,177,177,177,178,178,177,178
176,177,135,-1,-1,-1,-1,-1,-1,220,221,235,235,235,235,235,235,-1,-1,-1,29,-1,-1,-1,29,-1,-1,-1,-1,-1,-1,-1,-1,244,-1,-1,227,205,-1,-1,-1,-1,-1,-1,-1,-1,-1,-1,-1,-1,-1,-1,-1,-1,-1,-1,-1,219,219,219,219,219,219,219,219,-1,-1,-1,-1,-1,-1,152,178,177,177,178,137,138,178,177,179,171,172,171,172,173,-1,-1,-1,-1,-1,-1,-1,-1,-1,-1,-1,-1,-1,-1,-1,-1,-1,-1,-1,-1,-1,-1,-1,-1,-1,-1,-1,-1,-1,178,177,177,178,177,177,177,177,178,177,177,177,177,178,178
176,137,-1,-1,-1,-1,-1,-1,-1,-1,-1,-1,-1,-1,-1,-1,-1,-1,-1,-1,29,-1,-1,-1,29,-1,-1,-1,-1,-1,-1,-1,-1,-1,-1,-1,-1,-1,-1,-1,-1,-1,-1,-1,-1,-1,-1,-1,-1,-1,-1,-1,-1,-1,-1,-1,-1,235,235,235,235,235,235,235,235,-1,-1,-1,-1,-1,-1,177,177,178,177,177,153,154,177,177,179,187,188,-1,188,189,-1,-1,-1,-1,-1,-1,-1,-1,-1,-1,-1,243,-1,-1,-1,-1,-1,-1,-1,-1,-1,-1,-1,-1,-1,-1,-1,-1,-1,177,177,178,177,177,177,177,177,177,177,177,177,177,177,178
137,-1,-1,-1,-1,-1,-1,-1,-1,-1,-1,-1,-1,-1,-1,-1,-1,136,177,177,29,-1,-1,-1,29,-1,-1,-1,-1,-1,-1,-1,-1,-1,-1,-1,-1,-1,-1,-1,-1,-1,-1,243,-1,-1,-1,-1,-1,-1,-1,-1,-1,-1,-1,-1,-1,-1,-1,-1,-1,-1,-1,-1,-1,-1,-1,-1,-1,-1,-1,-1,-1,-1,-1,-1,-1,-1,-1,-1,-1,203,204,-1,204,205,-1,-1,-1,-1,-1,-1,-1,-1,-1,-1,-1,-1,-1,-1,-1,-1,-1,-1,-1,-1,-1,-1,-1,-1,-1,-1,-1,-1,-1,177,178,177,177,177,178,178,178,178,178,178,178,177,177,177
-1,-1,-1,-1,-1,-1,-1,-1,-1,-1,-1,-1,-1,-1,-1,-1,-1,-1,138,137,29,-1,-1,-1,29,-1,-1,-1,-1,-1,-1,-1,-1,-1,-1,152,-1,-1,-1,-1,-1,-1,-1,-1,-1,-1,-1,-1,-1,-1,-1,-1,-1,-1,-1,-1,-1,-1,-1,-1,-1,-1,-1,-1,-1,-1,178,178,178,178,178,177,-1,-1,-1,-1,-1,-1,-1,-1,-1,-1,-1,-1,-1,-1,-1,-1,-1,-1,-1,-1,-1,-1,177,177,177,177,177,177,177,177,178,243,-1,177,177,177,178,-1,-1,-1,-1,-1,243,178,178,177,178,178,178,177,178,178,177,177,177,178,177,177
-1,-1,219,219,219,219,219,219,219,219,219,219,219,219,219,219,219,-1,-1,-1,29,135,244,-1,29,-1,-1,220,221,-1,-1,-1,-1,-1,-1,-1,-1,-1,224,-1,-1,-1,-1,-1,-1,-1,-1,-1,-1,-1,-1,-1,-1,-1,-1,-1,-1,-1,-1,-1,-1,-1,-1,-1,-1,-1,138,177,177,177,178,177,-1,243,-1,-1,-1,-1,-1,-1,-1,-1,-1,-1,-1,-1,-1,-1,-1,-1,-1,-1,-1,-1,135,-1,-1,-1,244,177,177,177,177,-1,-1,178,178,177,137,138,177,177,177,178,-1,177,177,178,177,178,177,137,142,136,-1,177,177,177,178,177
-1,-1,235,235,235,235,235,235,235,235,235,235,235,235,235,235,235,-1,-1,-1,29,151,152,-1,29,29,137,220,221,-1,-1,-1,-1,-1,-1,243,-1,-1,240,-1,-1,-1,-1,-1,-1,-1,-1,-1,-1,154,-1,-1,-1,178,179,177,137,-1,-1,-1,-1,-1,-1,-1,-1,-1,-1,138,137,136,137,177,-1,-1,-1,-1,-1,-1,-1,-1,-1,-1,-1,-1,-1,-1,-1,-1,-1,-1,-1,-1,-1,137,-1,-1,-1,-1,-1,138,177,177,177,-1,-1,178,177,137,-1,-1,138,177,177,178,-1,177,178,178,178,137,137,139,-1,140,136,177,178,177,178,177
-1,-1,-1,-1,-1,-1,-1,-1,-1,-1,-1,-1,-1,-1,-1,-1,-1,-1,-1,-1,29,-1,-1,-1,29,29,-1,220,221,-1,-1,-1,38,-1,-1,-1,-1,-1,256,-1,-1,-1,-1,-1,-1,-1,-1,-1,152,193,-1,-1,-1,178,135,-1,-1,-1,-1,-1,-1,-1,-1,-1,-1,-1,-1,-1,-1,-1,-1,177,-1,-1,-1,-1,-1,-1,-1,-1,-1,-1,-1,-1,-1,-1,-1,-1,-1,-1,-1,-1,-1,-1,-1,-1,-1,-1,-1,-1,138,177,177,-1,-1,178,135,-1,-1,-1,-1,177,177,177,-1,177,178,178,135,-1,-1,-1,-1,-1,140,177,177,178,177,178
-1,-1,-1,-1,-1,-1,-1,-1,-1,-1,-1,-1,-1,-1,-1,-1,-1,-1,-1,-1,29,-1,-1,-1,29,-1,-1,-1,-1,-1,-1,-1,-1,-1,-1,-1,-1,-1,-1,-1,-1,-1,-1,-1,-1,-1,-1,-1,-1,-1,-1,-1,-1,137,-1,-1,-1,-1,-1,-1,-1,-1,-1,-1,-1,-1,-1,-1,-1,-1,154,177,-1,-1,-1,-1,-1,-1,-1,-1,-1,-1,-1,-1,-1,-1,-1,-1,-1,-1,-1,-1,135,-1,-1,-1,-1,-1,-1,-1,-1,177,177,-1,-1,178,-1,-1,-1,-1,154,177,177,177,-1,-1,-1,-1,-1,-1,-1,-1,-1,-1,-1,-1,-1,-1,-1,-1
177,135,-1,-1,-1,-1,-1,-1,-1,-1,-1,-1,-1,-1,-1,-1,-1,-1,-1,-1,29,-1,-1,-1,29,-1,-1,-1,-1,-1,-1,-1,-1,-1,-1,-1,-1,-1,-1,-1,-1,-1,-1,-1,-1,-1,243,-1,-1,-1,-1,-1,137,141,-1,-1,-1,-1,-1,-1,-1,-1,-1,-1,-1,-1,-1,-1,-1,152,177,177,-1,-1,-1,-1,-1,-1,-1,-1,-1,-1,-1,-1,-1,-1,-1,137,136,177,-1,-1,-1,-1,-1,-1,-1,-1,-1,-1,-1,-1,-1,-1,-1,-1,178,153,-1,-1,136,177,177,177,-1,-1,177,137,-1,-1,-1,-1,-1,-1,-1,-1,-1,-1,-1,-1
137,-1,-1,-1,-1,-1,-1,-1,-1,-1,-1,-1,-1,-1,-1,-1,-1,-1,37,-1,29,-1,-1,243,29,-1,-1,-1,-1,-1,-1,-1,-1,-1,178,137,136,-1,-1,-1,-1,-1,-1,-1,-1,-1,-1,-1,178,178,178,135,-1,-1,-1,-1,-1,-1,-1,-1,-1,-1,-1,-1,-1,-1,-1,-1,-1,177,177,177,-1,-1,-1,-1,-1,-1,-1,-1,-1,-1,-1,-1,-1,-1,-1,151,-1,136,-1,-1,-1,39,-1,-1,-1,-1,-1,-1,-1,-1,-1,-1,-1,178,178,177,153,152,153,177,177,177,-1,-1,135,-1,-1,-1,-1,-1,-1,-1,-1,-1,-1,-1,-1,-1
-1,-1,-1,-1,-1,-1,-1,-1,-1,-1,-1,-1,-1,-1,-1,-1,-1,-1,-1,-1,29,-1,-1,-1,29,-1,-1,-1,-1,-1,-1,-1,-1,-1,137,-1,-1,-1,-1,-1,-1,-1,-1,-1,-1,-1,-1,-1,177,178,137,-1,-1,-1,-1,-1,-1,-1,-1,-1,-1,-1,-1,-1,-1,-1,-1,-1,152,177,177,177,-1,137,-1,-1,-1,-1,-1,-1,-1,224,-1,-1,-1,-1,-1,177,153,154,-1,-1,171,173,220,221,-1,-1,-1,152,-1,-1,-1,-1,243,178,177,178,178,177,178,177,178,177,-1,137,-1,-1,-1,-1,-1,-1,-1,-1,-1,-1,-1,-1,-1,-1
-1,-1,-1,-1,-1,-1,-1,-1,-1,-1,-1,-1,-1,-1,-1,-1,138,138,-1,-1,-1,-1,-1,-1,-1,-1,-1,-1,-1,-1,-1,178,178,178,151,-1,-1,-1,-1,-1,-1,-1,-1,-1,-1,-1,-1,-1,177,178,153,-1,-1,-1,-1,-1,-1,-1,-1,-1,-1,-1,-1,-1,-1,-1,-1,154,177,177,177,177,-1,153,-1,-1,-1,-1,-1,-1,-1,240,-1,-1,-1,-1,-1,-1,-1,-1,-1,-1,187,189,220,221,-1,-1,-1,-1,-1,-1,-1,-1,-1,177,178,178,178,178,178,177,178,177,-1,-1,-1,-1,-1,-1,-1,-1,-1,-1,-1,-1,-1,-1,-1,-1
-1,-1,-1,-1,-1,-1,-1,-1,-1,-1,-1,-1,-1,-1,-1,-1,-1,138,138,-1,-1,-1,-1,-1,-1,-1,-1,-1,-1,-1,-1,178,178,178,-1,-1,-1,-1,-1,-1,-1,-1,-1,-1,-1,-1,-1,-1,178,178,135,-1,-1,-1,-1,-1,-1,-1,-1,-1,-1,-1,-1,-1,-1,-1,-1,176,177,177,178,178,-1,-1,-1,-1,-1,-1,-1,-1,-1,240,-1,-1,-1,-1,-1,-1,-1,-1,-1,-1,-1,205,220,221,-1,-1,-1,-1,-1,-1,-1,-1,-1,-1,-1,-1,-1,-1,243,-1,-1,-1,-1,-1,-1,-1,-1,-1,-1,-1,-1,-1,-1,-1,-1,-1,-1,-1
-1,-1,244,-1,-1,-1,-1,-1,-1,-1,-1,-1,-1,-1,-1,-1,-1,-1,138,138,-1,-1,-1,-1,-1,-1,-1,-1,-1,-1,-1,-1,138,178,-1,-1,243,-1,-1,-1,-1,-1,-1,-1,-1,-1,-1,-1,177,178,-1,-1,-1,-1,-1,-1,-1,-1,-1,-1,-1,-1,-1,-1,-1,-1,-1,176,177,177,178,178,-1,-1,229,-1,-1,-1,-1,-1,-1,256,-1,-1,-1,-1,135,136,-1,-1,-1,-1,-1,-1,-1,-1,-1,-1,-1,-1,-1,-1,-1,-1,-1,-1,-1,-1,-1,-1,-1,-1,-1,-1,-1,-1,-1,-1,-1,-1,-1,-1,-1,-1,-1,-1,-1,-1,-1,-1
-1,-1,-1,-1,-1,-1,-1,-1,-1,-1,-1,-1,-1,-1,-1,-1,-1,-1,-1,138,177,138,-1,-1,-1,-1,-1,-1,-1,-1,-1,-1,-1,138,-1,-1,-1,-1,-1,-1,-1,-1,-1,-1,-1,-1,136,-1,177,178,244,-1,-1,-1,-1,-1,-1,-1,-1,-1,-1,-1,-1,-1,-1,-1,-1,176,-1,-1,-1,-1,-1,-1,-1,-1,-1,-1,-1,-1,-1,-1,-1,-1,-1,-1,151,152,-1,-1,-1,-1,-1,-1,-1,-1,-1,-1,-1,-1,-1,-1,-1,-1,-1,-1,-1,-1,-1,-1,-1,-1,-1,-1,-1,-1,-1,-1,-1,-1,-1,243,-1,-1,-1,-1,-1,-1,-1,-1
-1,-1,-1,-1,-1,-1,-1,-1,244,-1,-1,-1,-1,-1,-1,-1,-1,-1,-1,-1,136,-1,-1,-1,-1,-1,-1,-1,-1,-1,-1,-1,-1,-1,-1,-1,-1,-1,-1,-1,-1,-1,-1,-1,-1,-1,-1,-1,178,178,-1,-1,-1,-1,-1,-1,-1,-1,-1,-1,-1,-1,-1,-1,-1,-1,-1,-1,-1,-1,-1,-1,-1,-1,-1,-1,-1,-1,-1,-1,-1,-1,-1,-1,-1,-1,-1,-1,-1,-1,-1,-1,-1,-1,-1,-1,-1,-1,-1,-1,-1,-1,-1,-1,-1,-1,-1,-1,-1,-1,-1,-1,-1,-1,-1,-1,-1,-1,-1,-1,-1,-1,-1,-1,-1,-1,-1,-1,-1,-1
